<?xml version="1.0" encoding="UTF-8"?>
<project-private xmlns="http://www.netbeans.org/ns/project-private/1">
    <editor-bookmarks xmlns="http://www.netbeans.org/ns/editor-bookmarks/2" lastBookmarkId="1">
        <file>
            <url>src/query/Query.java</url>
            <bookmark id="1">
                <name/>
                <line>15</line>
                <key/>
            </bookmark>
        </file>
    </editor-bookmarks>
    <open-files xmlns="http://www.netbeans.org/ns/projectui-open-files/2">
        <group>
            <file>file:/D:/IU/Principle%20of%20Database%20Management/Assignment/Query/src/query/ResultSetTableModel.java</file>
            <file>file:/D:/IU/Principle%20of%20Database%20Management/Assignment/Query/src/query/EditBooks.java</file>
            <file>file:/D:/IU/Principle%20of%20Database%20Management/Assignment/Query/src/query/Book.java</file>
            <file>file:/D:/IU/Principle%20of%20Database%20Management/Assignment/Query/src/query/GUI.java</file>
            <file>file:/D:/IU/Principle%20of%20Database%20Management/Assignment/Query/src/query/MainTabs.java</file>
            <file>file:/D:/IU/Principle%20of%20Database%20Management/Assignment/Query/src/query/Login.java</file>
            <file>file:/D:/IU/Principle%20of%20Database%20Management/Assignment/Query/src/query/Orders.java</file>
        </group>
    </open-files>
</project-private>
